email,"emailAddressType
",firstName,lastName,phone,companyName,"company.dba
","company.numberOfEmployees
","company.capabilities
","company.streetAddress
","company.city
","company.state
","company.zip
","company.country
","company.county
","company.latitude
","company.longitude
","company.phoneNumber
","company.phoneNumberType
","company.sicCode
","company.status
","company.url
","prefix
","profession
","status
","profileTypes
","category
","type
","nickname
","birthday
","anniversary
","gender
","streetAddress
","city
","state
","zip
","country
","county
","addressType
","latitude
","longitude
","streetAddress2
","city2
","state2
","zip2
","country2
","county2
","addressType2
","latitude2
","longitude2
","phoneNumber
","phoneNumberType
","phoneNumber2
","phoneNumberType2
","notes.subject

","notes.body
","timezone
"
,,,,,,,,,,,,,,,,,,,,,,,,,,,,,,,,,,,,,,,,,,,,,,,,,,,,,,,,